class_1_f1,class_1_precision,class_1_recall,class_2_f1,class_2_precision,class_2_recall,class_3_f1,class_3_precision,class_3_recall,class_4_f1,class_4_precision,class_4_recall,epoch,epoch_confusion,mean_precision,mean_recall,train_loss,val_loss
0.3003039645121093,0.4073046398046398,0.2782251082251082,0.0,0.0,0.0,0.0,0.0,0.0,0.16355866355866355,0.39487179487179486,0.10978021978021979,1,[[  0.  56.   0.   0.   7.]
 [205.  96.   0.   0.   0.]
 [317.  11.   0.   0.   0.]
 [174.   0.   0.   0.   0.]
 [261.   0.   0.   0.  37.]],0.2336619543650794,0.11086653095581667,2.515189320469896,2.282067951347147
0.3562853812853813,0.43155442847750536,0.33355533355533357,0.002631578947368421,0.013157894736842105,0.0014619883040935672,0.14254171754171754,0.18525641025641024,0.13824786324786326,0.4614949594981459,0.40005073699103555,0.5859808102345416,2,[[  0.  60.   2.  38. 206.]
 [181. 120.   0.   0.   0.]
 [293.  21.   1.  13.   0.]
 [110.   0.   0.  29.  35.]
 [ 92.   0.   0.   1. 205.]],0.2698730233886484,0.309444841699306,1.9524119688818853,2.005726587559496
0.4041782746577648,0.4310978717553112,0.42535915881504116,0.02192982456140351,0.039473684210526314,0.018740031897926633,0.23559576997076995,0.2520213293650793,0.2677083333333333,0.40024240716548404,0.5253724053724054,0.3445970695970696,3,[[  0. 118.   0. 107.  25.]
 [132. 167.   1.   1.   0.]
 [265.  28.   3.  32.   0.]
 [ 99.   0.   0.  71.   4.]
 [135.   0.   0.  32. 131.]],0.3247307360687088,0.28299341201126915,1.765368767703573,1.9239520824381284
0.020089285714285716,0.026041666666666664,0.018465909090909092,0.2742020204438505,0.30771293178700587,0.3786070582366879,0.13256029684601112,0.21753246753246752,0.10779220779220777,0.48215216460393884,0.4338647677109216,0.582973137973138,4,[[  0.   2. 131.  14. 178.]
 [165.   3. 133.   0.   0.]
 [220.   0. 106.   2.   0.]
 [105.   0.  25.  24.  20.]
 [ 88.   0.   0.   5. 205.]],0.2675152290665683,0.32183452295059434,1.6915999396393697,1.987467562513692
0.31781853512092484,0.4465587797619047,0.2696062184343434,0.18732306654384573,0.324025974025974,0.15310339011637714,0.24121381886087767,0.2546078431372549,0.26843137254901955,0.3925305966029947,0.3883899433899434,0.4364102564102564,5,[[  0.  27.  18.  68. 127.]
 [194.  95.  12.   0.   0.]
 [233.  20.  46.  29.   0.]
 [ 87.   0.  12.  62.  13.]
 [110.   0.   0.  22. 166.]],0.37436272804576376,0.31691605145846224,1.6274913909534614,1.9755949910197939
0.4190299341129625,0.45446901583265215,0.42974113428658883,0.34045959946030824,0.3738955823293173,0.3853526660755576,0.3168973687492206,0.34814814814814815,0.34115226337448556,0.3823790086233525,0.4244749694749695,0.3783333333333333,6,[[  0.  99. 104.  56.  82.]
 [102. 159.  40.   0.   0.]
 [178.  21. 106.  23.   0.]
 [ 62.   0.  34.  68.  10.]
 [129.   0.   0.  24. 145.]],0.4276783277899349,0.4257681781677317,1.5748897703985374,1.828185811638832
0.33432293218477427,0.4776041666666666,0.28378201659451663,0.2925409597096344,0.36254541977433546,0.3138997548636103,0.3181295077846802,0.3270069330414158,0.36590038314176243,0.402035335202756,0.42265678765678766,0.42525030525030527,7,[[  0.  44.  98.  72. 104.]
 [138. 101.  62.   0.   0.]
 [205.   2.  91.  30.   0.]
 [ 73.   0.  15.  79.   7.]
 [110.   0.   0.  26. 162.]],0.4179708436404865,0.38853106425651074,1.5129736261442304,1.8754060523850578
0.4107883449315674,0.41297965806369163,0.4550773036487322,0.3070821996734133,0.3924653405666064,0.3054117120572816,0.27468343142500445,0.2857945425361155,0.3123595505617977,0.4386279749199492,0.42240195701734157,0.4874603174603174,8,[[  0. 134.  58.  93. 120.]
 [108. 172.  21.   0.   0.]
 [185.  28.  92.  23.   0.]
 [ 65.   0.  34.  68.   7.]
 [ 82.   0.   0.  30. 186.]],0.39983266325178096,0.4256002574640968,1.4871298124392827,1.8606573130403246
0.418900497310353,0.44195244990699534,0.453202479338843,0.3435613612828803,0.4675105485232067,0.3437626719272289,0.2475792406826889,0.24256978653530373,0.3093869731800766,0.4865271205733221,0.4777655677655678,0.5285103785103786,9,[[  0. 109.  69.  93. 104.]
 [112. 165.  22.   2.   0.]
 [169.  26.  88.  45.   0.]
 [ 61.   0.  13.  72.  28.]
 [100.   0.   0.  17. 181.]],0.4246414878111307,0.444104898904006,1.4428249296421807,1.8165791960699218
0.3706513607007028,0.46443452380952377,0.33863749098124096,0.2825646922521923,0.323139880952381,0.3217523448773449,0.2624434207767541,0.25373015873015875,0.3237037037037037,0.43272001159117135,0.43303141303141307,0.47188644688644693,10,[[  0.  66.  91. 106. 109.]
 [135. 118.  47.   1.   0.]
 [200.  10.  78.  40.   0.]
 [ 71.   0.  20.  74.   9.]
 [ 84.   0.   0.  32. 182.]],0.3785537936765615,0.40403592150243933,1.4283412372072537,1.8838107426251685
0.3920007280931074,0.4333987837559266,0.40168676561533706,0.31140092546342546,0.39836309523809527,0.3145450036075036,0.28345543345543345,0.33568376068376066,0.2801282051282051,0.3733791062738431,0.4186935286935287,0.36094017094017095,11,[[  0.  87.  67.  35.  85.]
 [122. 160.  19.   0.   0.]
 [182.  31.  97.  18.   0.]
 [ 74.   0.  46.  47.   7.]
 [141.   0.   0.  20. 137.]],0.4346809399264756,0.38052637879646806,1.3980762508387368,1.8483042770198412
0.4145356910881489,0.4571904877875027,0.4248438543214663,0.3222314901553656,0.3479458450046685,0.3689606145488498,0.27304607537165676,0.27292358803986705,0.3288759689922481,0.4669363549049188,0.4141531545377699,0.5782905982905983,12,[[  0. 101. 120.  79. 177.]
 [100. 157.  44.   0.   0.]
 [160.  19. 111.  38.   0.]
 [ 52.   0.  32.  63.  27.]
 [ 72.   0.   0.  27. 199.]],0.3832234626319448,0.46388209797808017,1.3644413941850264,1.8791106194257736
0.39041274148087274,0.4170030133265427,0.4212391774891775,0.3304928404928405,0.44645833333333335,0.3372736291486292,0.288936699177663,0.3104417670682731,0.3214859437751004,0.44916075853441895,0.4413553113553113,0.49037240537240534,13,[[  0. 122.  54.  49. 116.]
 [114. 160.  27.   0.   0.]
 [186.  26.  87.  29.   0.]
 [ 66.   0.  30.  64.  14.]
 [ 98.   0.   0.  25. 175.]],0.4339612912715591,0.439579709724799,1.3349642505248387,1.8194200066583497
0.43392245850206934,0.4420212723784152,0.48573593073593074,0.264319080390509,0.40813492063492063,0.2534305641448499,0.2819760631525337,0.28420168067226886,0.32588235294117646,0.3551348328262204,0.3193181818181818,0.42758537758537757,14,[[  0. 143.  66.  80. 167.]
 [ 99. 184.  18.   0.   0.]
 [196.  29.  66.  36.   1.]
 [ 64.   0.  15.  70.  25.]
 [113.   0.   0.  21. 164.]],0.37474224890519536,0.40276623591355737,1.3160812786469858,1.8533198907971382
0.3585506158669606,0.38107135919635915,0.3812024009940676,0.25150664631184105,0.38766233766233765,0.22964430951443934,0.26032713898567555,0.30467479674796744,0.2619918699186992,0.3981056876758235,0.45163614163614163,0.379059829059829,15,[[  0. 127.  50.  41.  73.]
 [133. 150.  18.   0.   0.]
 [224.  36.  53.  15.   0.]
 [ 82.   2.  24.  53.  13.]
 [137.   0.   0.  20. 141.]],0.4059877787556359,0.3424678062512884,1.3025623100499313,1.938124021249158
0.401288065496444,0.43050254484078015,0.43547184025125196,0.33081224619286903,0.35617180205415494,0.40351710381122147,0.309103078982597,0.31921973608720594,0.3624497991967871,0.45964796033264715,0.43624819624819616,0.5157570207570208,16,[[  0. 130. 143.  71. 136.]
 [101. 169.  31.   0.   0.]
 [167.  19. 108.  34.   0.]
 [ 59.   0.  32.  69.  14.]
 [ 97.   0.   0.  24. 177.]],0.3952908719091755,0.46146133958633956,1.320050811395049,1.8119000877652849
0.4000267653024866,0.45570323396410356,0.3971171340736558,0.3186716417485649,0.46602564102564104,0.329447866947867,0.2635016255498183,0.2927710843373494,0.28353413654618476,0.4509485484197836,0.41562848428520077,0.5220030798389007,17,[[  0.  82.  48.  45. 155.]
 [117. 166.  18.   0.   0.]
 [200.  26.  74.  28.   0.]
 [ 58.   0.  22.  57.  37.]
 [109.   0.   0.   9. 180.]],0.4140207221680436,0.41175208719851575,1.25533448283871,1.866726344185216
0.3797600594915173,0.4361380327798238,0.3880279339234563,0.36785710816960815,0.47541666666666665,0.37722402597402593,0.2940208317759338,0.29154518950437314,0.36683673469387756,0.40776420340872915,0.37447253924526647,0.4771945646945646,18,[[  0.  95.  89. 114. 164.]
 [121. 147.  27.   6.   0.]
 [164.  16.  87.  61.   0.]
 [ 50.   0.  16.  85.  23.]
 [103.   0.   0.  26. 169.]],0.39670418040953753,0.43021657368755584,1.2410641654084127,1.81783448691879
0.37747766753021833,0.36376704776704777,0.46231649831649824,0.28782208027424183,0.3497131382673552,0.3184856308350284,0.27858147478400647,0.32552742616033753,0.2854430379746835,0.4762835025576155,0.47431623931623934,0.4986446886446887,19,[[  0. 187.  95.  36. 100.]
 [107. 187.   7.   0.   0.]
 [189.  42.  80.  17.   0.]
 [ 70.   4.  32.  53.  15.]
 [105.   0.   0.  21. 172.]],0.40460823072430213,0.4293128994021851,1.1969577769438426,1.9312375145299094
0.4023388018292015,0.43649559395828047,0.42182970429239086,0.38830982866723746,0.4516877637130801,0.41603558185836664,0.23160928219067753,0.2558139534883721,0.26414728682170546,0.4197155649672812,0.3854173201999289,0.5102599493903841,20,[[  0. 106.  82.  62. 183.]
 [109. 159.  33.   0.   0.]
 [164.  23. 104.  36.   1.]
 [ 51.   0.  29.  55.  39.]
 [116.   0.   0.   7. 175.]],0.3902313542938543,0.4276446973991617,1.181461031238238,1.9187330635530608
0.3904179945623796,0.4537646276282641,0.3790141676505313,0.3617993964399193,0.41481481481481486,0.3977535496054015,0.30553979864324693,0.30993431855500825,0.35229885057471266,0.42802816652028586,0.41935152389697844,0.466053391053391,21,[[  0.  87.  96.  74. 124.]
 [118. 144.  39.   0.   0.]
 [179.  13. 107.  29.   0.]
 [ 56.   0.  26.  71.  21.]
 [113.   0.   0.  22. 163.]],0.40849051122488617,0.4314499426664606,1.1658038624251883,2.007892017917974
0.3999849579278782,0.4483984870348507,0.4101217805763261,0.28311730409253627,0.29597584954727807,0.35970894185179897,0.23185628354167684,0.2592027822364901,0.2556179775280899,0.46844877173935234,0.40158591408591415,0.6070279866332497,22,[[  0. 103. 214.  75. 213.]
 [104. 145.  52.   0.   0.]
 [165.  22.  94.  47.   0.]
 [ 49.   0.  26.  48.  51.]
 [ 64.   0.   0.   7. 227.]],0.3522685812864384,0.43972344619666043,1.1416576548169057,1.9726864663617951
0.39675088852913554,0.43434943994645486,0.4022840343735866,0.33268551709728184,0.3671428571428571,0.3926954418130889,0.31913679329409667,0.33614232209737827,0.35168539325842696,0.42406482198207496,0.4164502164502164,0.46707551707551703,23,[[  0. 124. 126.  69. 110.]
 [101. 162.  37.   1.   0.]
 [182.  10. 104.  32.   0.]
 [ 51.   0.  29.  73.  21.]
 [ 93.   0.   0.  32. 173.]],0.40613526891428675,0.4331372290077647,1.1280968220283587,1.9712554471833366
0.42927810906824737,0.5214511183261183,0.39602216360028863,0.3191505204539964,0.3305465367965368,0.37153843631116357,0.2514502164502165,0.2512962962962963,0.29574074074074075,0.477138112645945,0.45449914927526874,0.5351634683724236,24,[[  0.  58. 143.  70. 111.]
 [124. 136.  39.   2.   0.]
 [175.  12. 105.  36.   0.]
 [ 56.   0.  25.  63.  30.]
 [ 85.   0.   0.  23. 190.]],0.39258510380162165,0.4235950061842919,1.1069331125666697,1.9992165331329619
0.40238072088339466,0.450806474670111,0.40712154007608553,0.30035003412662986,0.2953248288354671,0.37016018851125243,0.23367201426024953,0.2509803921568628,0.26666666666666666,0.47767397330442646,0.41874077101349827,0.600487012987013,25,[[  0.  93. 195.  78. 175.]
 [110. 154.  37.   0.   0.]
 [171.  17. 119.  21.   0.]
 [ 59.   0.  36.  50.  29.]
 [ 58.   0.   0.  22. 218.]],0.3580990272954559,0.44094307230467944,1.0938139306381345,1.9715791844895907
0.408793714196912,0.4127213987105204,0.46606722805352946,0.3051623730963759,0.3355110336817654,0.3455601309259846,0.3084136822773186,0.3106331168831169,0.3685606060606061,0.5052100870736259,0.45272838272838273,0.6097435897435898,26,[[  0. 155. 140.  99. 158.]
 [ 94. 187.  20.   0.   0.]
 [174.  29.  95.  30.   0.]
 [ 52.   0.  25.  74.  23.]
 [ 63.   0.   0.  28. 207.]],0.3843865564388148,0.47245665627362055,1.076666923550268,2.328852634344782
0.3664337524678379,0.3753926258926259,0.4198884078884079,0.24566647344425122,0.3841563786008231,0.21427769761103097,0.2582425237597652,0.28788998357963874,0.2900383141762452,0.47355206324416205,0.42103566144662036,0.5778919330289193,27,[[  0. 142.  71.  81. 174.]
 [108. 186.   7.   0.   0.]
 [198.  41.  48.  41.   0.]
 [ 56.   4.  11.  62.  41.]
 [ 76.   0.   0.  11. 211.]],0.38340110410422906,0.41182286835188625,1.0327591458335519,2.149479012404169
0.4088589631597976,0.4156998556998557,0.4681400742115028,0.3287046386627726,0.35740440115440114,0.3833899055489965,0.29000113494495516,0.28491171749598715,0.3653558052434457,0.41871813596075586,0.37582054096138595,0.507098144422088,28,[[  0. 157. 129. 139. 195.]
 [ 98. 183.  20.   0.   0.]
 [167.  26. 101.  34.   0.]
 [ 40.   0.  33.  64.  37.]
 [ 99.   0.   0.  22. 177.]],0.3584344598853527,0.44637942456022817,1.0176682167996962,2.044400589806693
0.39190209080897265,0.41981598213992577,0.4530511350933886,0.28734257195795654,0.36169108669108674,0.3073287823287823,0.1996606274384052,0.24773662551440334,0.20411522633744852,0.4802401394210718,0.4865838001867414,0.49831349206349207,29,[[  0. 136.  76.  57.  90.]
 [104. 189.   8.   0.   0.]
 [193.  40.  73.  22.   0.]
 [ 78.   0.  34.  36.  26.]
 [112.   0.   0.  11. 175.]],0.3968860793637579,0.3939204169672919,1.0224929670803249,2.101482425417219
0.39104052173624293,0.38521802271802275,0.45204775933942604,0.2967984785211676,0.34767573696145115,0.3326504844361987,0.2681113267320163,0.2795019157088123,0.2998084291187739,0.43283163397151575,0.4151066946521492,0.47179533429533427,30,[[  0. 136. 115.  94. 135.]
 [ 98. 180.  23.   0.   0.]
 [178.  39.  88.  23.   0.]
 [ 55.   0.  39.  50.  30.]
 [116.   0.   0.  26. 156.]],0.3764389793407651,0.4178305697278911,0.9877417826404175,2.288146567663976
0.4024367127166966,0.44482683982683985,0.40632145632145633,0.32362555140332916,0.366549088771311,0.3528485917374806,0.2349694637573425,0.23734968734968734,0.2727272727272727,0.36986129242142574,0.4268620268620269,0.3458363858363858,31,[[  0.  85. 101.  86.  67.]
 [113. 152.  34.   2.   0.]
 [187.  12.  97.  32.   0.]
 [ 64.   0.  29.  61.  20.]
 [137.   0.   0.  33. 128.]],0.3765682709321102,0.3586051844980416,0.9990040073171258,2.302776664495468
0.4034265934046443,0.4452235575369904,0.4082358768925933,0.36832708397201663,0.4184499904379423,0.4107825240355361,0.2643337364389996,0.24577276524644945,0.3589473684210526,0.38535276382518147,0.3792087542087543,0.432058682058682,32,[[  0. 109. 121. 127. 120.]
 [ 98. 153.  49.   1.   0.]
 [163.  12.  96.  57.   0.]
 [ 53.   0.  15.  79.  27.]
 [100.   0.   0.  30. 168.]],0.3835607349000206,0.4342859129131451,0.9649522248655558,2.0965331675750867
0.40853572140091227,0.3967918530724903,0.4770828322911657,0.2778973024071063,0.3638359788359789,0.2738379830046496,0.31394500561167227,0.317037037037037,0.36722222222222217,0.4167612932459541,0.4061732039004766,0.452970177970178,33,[[  0. 171. 117. 103. 122.]
 [106. 183.  12.   0.   0.]
 [188.  42.  69.  29.   0.]
 [ 64.   0.  27.  64.  19.]
 [ 88.   0.   0.  39. 171.]],0.38864581331755704,0.4213170716518931,0.9387409556657076,2.2259398102760315
0.4152866165606776,0.4604785860801904,0.43943329397874853,0.2640179072598108,0.3201444622792937,0.28415495241337935,0.23520619731146047,0.24708020050125315,0.2807017543859649,0.48386640592522956,0.44143650230606757,0.5655394524959741,34,[[  0. 117. 148. 100. 128.]
 [112. 170.  17.   2.   0.]
 [172.  27.  69.  60.   0.]
 [ 57.   0.  17.  64.  36.]
 [ 80.   0.   0.  18. 200.]],0.3768319761130948,0.4145098948670377,0.9476216066007813,2.1960990019142628
0.4011714068304249,0.43762391755349506,0.4203762981931996,0.3385487388428565,0.4206442577030812,0.33784950343773873,0.2850951374207188,0.28859357696567,0.33740310077519375,0.4322731462437346,0.4563371813371814,0.43630952380952376,35,[[  0. 111. 110.  70.  91.]
 [121. 171.   9.   0.   0.]
 [184.  31.  74.  39.   0.]
 [ 59.   0.  22.  70.  23.]
 [127.   0.   0.  22. 149.]],0.4117911189339761,0.40110023491719915,0.9250445400054256,2.4631158246525695
0.4204035806675623,0.46107458047756555,0.4351898516077621,0.31587334632528324,0.3771631823461091,0.35448298314151977,0.32263281691853124,0.28374527588813303,0.4692063492063492,0.40622332920975457,0.4421245421245421,0.416068376068376,36,[[  0. 111. 126. 191.  92.]
 [102. 148.  44.   7.   0.]
 [167.  11.  85.  65.   0.]
 [ 40.   0.  16. 103.  15.]
 [103.   0.   0.  41. 154.]],0.3947918442338085,0.4482755649608328,0.914912409769992,2.3105638128306185
0.3901050546011828,0.3932746538138695,0.4436618165784833,0.2774231752970236,0.3515490533562823,0.30037378953041605,0.32856154956154954,0.33067857142857143,0.3956666666666667,0.4906418907368808,0.46744526517253787,0.5381613756613757,37,[[  0. 171. 126. 157. 145.]
 [106. 173.  15.   7.   0.]
 [182.  24.  51.  71.   0.]
 [ 59.   0.  13.  80.  22.]
 [102.   0.   0.  25. 171.]],0.3891768136450384,0.43696851057342123,0.8816491992523273,2.5793913028069904
0.41987559530343693,0.42258036325200504,0.4632836897762271,0.24874295717669212,0.372289156626506,0.23902884264330043,0.26987012987012987,0.2769172932330827,0.32877192982456144,0.48724072372314947,0.45031618708089294,0.5655753968253968,38,[[  0. 146.  76.  84. 143.]
 [110. 172.  15.   4.   0.]
 [182.  34.  46.  66.   0.]
 [ 56.   0.   9.  72.  37.]
 [103.   0.   0.  12. 183.]],0.38369302655016935,0.41999466926922285,0.8610338643193245,2.559222818485328
0.3647110634148963,0.37896137508813565,0.4112203524175355,0.34886126591189426,0.37392156862745096,0.38979203802733214,0.26994793401043404,0.24967344576719577,0.3597222222222222,0.4137221220173166,0.37329116133463963,0.5202610996089255,39,[[  0. 144. 137. 149. 215.]
 [108. 159.  34.   0.   0.]
 [153.  38.  88.  49.   0.]
 [ 48.   0.  27.  66.  33.]
 [ 93.   0.   0.  26. 179.]],0.3499844670045563,0.44980427145605717,0.8600272079929709,2.1867489889264107
0.42571643873241527,0.40700763862528566,0.509379021879022,0.32891625570197,0.35980725623582765,0.3725597814883529,0.23800235524373456,0.26776135741652984,0.2576628352490421,0.4943620268495756,0.4747323127757911,0.5448527720266851,40,[[  0. 160. 152.  81. 126.]
 [ 95. 187.  19.   0.   0.]
 [173.  38.  88.  29.   0.]
 [ 65.   1.  23.  51.  34.]
 [101.   0.   0.  14. 183.]],0.38562939149533154,0.4438427912200234,0.8423089490582546,2.3805971667170525
0.3339889719286434,0.36799916904083574,0.3409326398909733,0.3516295618705258,0.3964285714285714,0.3950346841913107,0.22440476190476188,0.24772727272727274,0.24583333333333332,0.43875025372248105,0.4261284059078177,0.48391106442577025,41,[[  0. 102. 124.  77. 126.]
 [124. 143.  32.   2.   0.]
 [180.  15. 103.  30.   0.]
 [ 63.   0.  28.  50.  33.]
 [109.   0.   0.  19. 170.]],0.3734724848564134,0.39793577784649214,0.8285394922519723,2.8608156086078713
0.382812982399064,0.41934846199552084,0.3890215176979883,0.33686111153431414,0.3673035469331765,0.378396843211658,0.24894266731001422,0.22292678976352442,0.34540816326530605,0.4648629428839002,0.47971916971916967,0.47734432234432234,42,[[  0. 117. 138. 139. 106.]
 [104. 146.  47.   4.   0.]
 [173.  12.  60.  83.   0.]
 [ 64.   0.   9.  81.  20.]
 [113.   0.   0.  31. 154.]],0.38092203142426356,0.42391952045969905,0.8083706473310789,2.6006094738841057
0.3621688008356632,0.37787029037029035,0.41731991731991736,0.3117295941370015,0.3480305702527925,0.34975771827623675,0.27433299560959135,0.2878672745694022,0.3296099290780142,0.5177248835397719,0.48843768172126373,0.5805200189528547,43,[[  0. 162. 128. 105. 127.]
 [100. 179.  17.   5.   0.]
 [172.  31.  91.  34.   0.]
 [ 48.   0.  35.  59.  32.]
 [ 86.   0.   0.  22. 190.]],0.3789618409038052,0.4385286753590325,0.8069794860978922,2.6344443538359235
0.39956597878776323,0.4531872168235805,0.402228453364817,0.361888418206501,0.3789241622574956,0.4547400815919334,0.30381375078344774,0.3001683501683502,0.3597643097643097,0.4409794895930311,0.4132379697597089,0.4953416149068323,44,[[  0. 101. 152. 122. 159.]
 [122. 136.  39.   4.   0.]
 [168.   9. 104.  47.   0.]
 [ 51.   0.  17.  77.  29.]
 [108.   0.   0.  27. 163.]],0.3827448407247514,0.4436385270648664,0.7569430160025755,2.8793230642165457
0.3845030469369056,0.4216616716616716,0.39727414841051206,0.31839903464470937,0.3311624649859944,0.3756463797640268,0.27400167084377614,0.25902255639097743,0.3401754385964912,0.4437611929730276,0.4314721663313213,0.48105857366420757,45,[[  0. 119. 148. 108. 125.]
 [108. 148.  43.   2.   0.]
 [177.  14. 101.  36.   0.]
 [ 55.   0.  16.  74.  29.]
 [115.   0.   0.  16. 167.]],0.35985894892144893,0.4110325995928674,0.7671552404450873,2.8062383186604296
0.3848160489607858,0.4176041551041551,0.4053285834535834,0.34199977237951923,0.4035864978902953,0.37290719126162164,0.24618834448379906,0.28750000000000003,0.26515151515151514,0.49182375819540974,0.4674211054645838,0.542494824016563,46,[[  0. 112.  96.  70. 133.]
 [119. 168.  13.   1.   0.]
 [189.  28.  87.  24.   0.]
 [ 61.   0.  30.  50.  33.]
 [ 99.   0.   0.  21. 178.]],0.4052542943167943,0.43264463297945444,0.7609334294684231,3.178058442260538
