class_1_f1,class_1_precision,class_1_recall,class_2_f1,class_2_precision,class_2_recall,class_3_f1,class_3_precision,class_3_recall,class_4_f1,class_4_precision,class_4_recall,epoch,epoch_confusion,mean_precision,mean_recall,pooled_f1,pooled_fn,pooled_fp,pooled_precision,pooled_recall,pooled_tp,train_loss,val_loss
0.017745535714285714,0.0546875,0.010850694444444442,0.0,0.0,0.0,0.0,0.0,0.0,0.21614965058020857,0.2577196006607771,0.21805250305250304,1,[[  0.   3.   0.   0. 147.]
 [297.   4.   0.   0.   0.]
 [327.   1.   0.   0.   0.]
 [172.   0.   0.   0.   2.]
 [207.   0.   0.   0.  91.]],0.10258509653861544,0.07935740268329554,0.1408450704225352,1006,153,0.38306451612903225,0.08628519527702089,95,2.9370946971078715,2.760427924139159
0.3422808166590693,0.30264978991005287,0.45529225464290396,0.0,0.0,0.0,0.1519884877027734,0.1695185766614338,0.15805860805860805,0.38648829548772534,0.31228494448650157,0.5587535014005601,2,[[  0. 254.   0.  84. 290.]
 [107. 194.   0.   0.   0.]
 [230.  66.   0.  32.   0.]
 [104.   2.   0.  43.  25.]
 [ 83.   0.   0.   4. 211.]],0.21251796708694926,0.3424171562564419,0.38941890719861233,652,756,0.37261410788381744,0.407811080835604,449,2.250674239049355,2.2841092933501517
0.39912144685683204,0.3990746517995653,0.465216768525592,0.15252781129404505,0.22272727272727272,0.13945718783381122,0.23834776334776334,0.2573757763975156,0.25905797101449274,0.3153567473250732,0.4342490842490842,0.28137362637362634,3,[[  0. 169.  51.  55.  63.]
 [113. 175.  13.   0.   0.]
 [225.  42.  43.  18.   0.]
 [ 90.   0.  24.  53.   7.]
 [161.   0.   0.  32. 105.]],0.35063149677120264,0.3191335925152889,0.38749359302921577,723,472,0.4447058823529412,0.34332425068119893,378,1.9310947867731254,2.1052481116993085
0.3550415557822083,0.41277666777666777,0.34535631035631037,0.1346407065157065,0.275,0.10540223665223665,0.1455536431440046,0.22690763052208834,0.12048192771084337,0.4646067882922313,0.427271711074528,0.5388329979879276,4,[[  0.  93.  10.   8. 147.]
 [146. 133.  22.   0.   0.]
 [259.  14.  26.  28.   1.]
 [102.   0.   5.  27.  40.]
 [100.   0.   0.   0. 198.]],0.35782154560056345,0.31569698902288185,0.41662169454937936,715,366,0.5132978723404256,0.3505903723887375,386,1.7653269600123167,2.0191834090011462
0.2599738820314962,0.46940104166666663,0.20278228715728713,0.2749199905701454,0.3190272472625414,0.32635047958577373,0.2556400254202452,0.25148700505843363,0.3439560439560439,0.4388321641961194,0.3835050774389009,0.5574404761904762,5,[[  0.  28. 131. 108. 229.]
 [140.  60. 100.   1.   0.]
 [154.   4.  97.  73.   0.]
 [ 51.   0.   8.  83.  32.]
 [104.   0.   0.   8. 186.]],0.35401122315184813,0.3884237249192606,0.3895064473099155,663,710,0.38153310104529614,0.3978201634877384,438,1.6613684128969908,2.029225633612701
0.39405392641882936,0.41919910897183627,0.4120758450303905,0.23652102882872114,0.35891330891330886,0.2283031783031783,0.20720598845598845,0.2452651515151515,0.2113636363636364,0.3643671813355071,0.3850915750915751,0.3706654456654456,6,[[  0. 101.  43.  29. 101.]
 [125. 155.  21.   0.   0.]
 [217.  30.  56.  25.   0.]
 [ 79.   0.  29.  49.  17.]
 [130.   0.   0.  26. 142.]],0.3762084311191454,0.33514704335016837,0.4218181818181818,695,418,0.49271844660194175,0.368755676657584,406,1.5972836595028639,1.9736129183854376
0.4153621314891589,0.42853104606835946,0.45018252891387217,0.27500021346175196,0.4914529914529915,0.23916962666962668,0.2367270589492812,0.2767489711934156,0.24876543209876542,0.48388976675884404,0.42863957030623695,0.5964781746031745,7,[[  0.  92.  23.  30. 184.]
 [124. 171.   6.   0.   0.]
 [210.  29.  60.  29.   0.]
 [ 67.   0.  13.  51.  43.]
 [ 82.   0.   0.   3. 213.]],0.4261027580224009,0.4306517556517556,0.48632812500000006,603,449,0.5258711721224921,0.45231607629427795,498,1.553954191505909,1.8594148361257143
0.42768326754315134,0.4441211779673318,0.46893106893106884,0.22189414751914754,0.3895833333333333,0.19492604617604617,0.27203168999285504,0.23999460625674218,0.4024271844660194,0.39643723467133796,0.42186202686202684,0.4096520146520146,8,[[  0. 115.  56. 152. 102.]
 [104. 185.   9.   3.   0.]
 [181.  21.  42.  84.   0.]
 [ 53.   0.  11. 102.   8.]
 [103.   0.   0.  38. 157.]],0.36353639127076626,0.38698899067202636,0.464775846294602,593,577,0.4682027649769585,0.46139872842870117,508,1.5150886646782358,1.9180296616894859
0.29591221096155307,0.4815972222222222,0.23487215909090908,0.34720793328986616,0.41671390778533635,0.404512815227101,0.3066981931112366,0.300776397515528,0.3684782608695652,0.4404070155189469,0.395976800976801,0.524065934065934,9,[[  0.  30.  93.  79. 156.]
 [149.  75.  76.   1.   0.]
 [162.   2. 110.  54.   0.]
 [ 60.   0.  13.  78.  23.]
 [ 80.   0.   0.  24. 194.]],0.4067613851095994,0.421331512402941,0.44950213371266,627,534,0.47023809523809523,0.4305177111716621,474,1.472382618735234,1.833434637103762
0.3888781398493032,0.45755006777734053,0.3637899558354104,0.20937037645898404,0.3512658227848101,0.18169625732916875,0.16930130801098545,0.13832887542564962,0.29695340501792117,0.4088272368203814,0.36099769278340704,0.5165192743764172,10,[[  0.  66.  38. 158. 226.]
 [132. 135.  25.   9.   0.]
 [160.   8.  31. 129.   0.]
 [ 63.   0.   4.  72.  35.]
 [108.   0.   0.   4. 186.]],0.3231584140066283,0.37014981339758124,0.3951504265828469,661,686,0.3907637655417407,0.3996366939146231,440,1.4537411297981937,2.1014675178698132
0.4479723051476447,0.44909474853504705,0.5085120932135858,0.2870697358197358,0.4141666666666667,0.2746789321789322,0.24265411590992986,0.26627906976744187,0.25852713178294573,0.4317545945782647,0.40432353841444746,0.4879689754689754,11,[[  0. 147.  52.  39. 121.]
 [ 93. 197.  11.   0.   0.]
 [189.  27.  77.  35.   0.]
 [ 63.   0.  25.  56.  30.]
 [ 96.   0.   0.  19. 183.]],0.40302448460930596,0.41323897456709957,0.49433962264150944,577,495,0.5142296368989205,0.47593097184377836,524,1.436050808057189,1.8339712811367852
0.39081006506393506,0.44709914771000747,0.4007792207792208,0.3717808996170341,0.40689720332577484,0.4218129423486566,0.21569444444444447,0.2635416666666667,0.20812499999999998,0.4577671033917619,0.42315433749257275,0.5319152661064425,12,[[  0. 105.  77.  21. 162.]
 [110. 156.  35.   0.   0.]
 [162.  14. 127.  25.   0.]
 [ 64.   0.  37.  40.  33.]
 [114.   0.   0.   3. 181.]],0.39281911883343085,0.4195333167989418,0.49031648559282004,582,497,0.5108267716535433,0.4713896457765668,519,1.406974156697591,1.9087751603552274
0.402018133954796,0.417325957624465,0.4226761215567186,0.38051904395953645,0.4045144132353435,0.43782970905063934,0.2667044595616024,0.2984126984126984,0.29642857142857143,0.37188002043205665,0.3209007659007659,0.46554334554334553,13,[[  0. 103. 116.  54. 187.]
 [ 92. 162.  47.   0.   0.]
 [150.  17. 128.  33.   0.]
 [ 51.   0.  39.  57.  27.]
 [100.   0.   0.  20. 178.]],0.37788237308326594,0.44401497972926546,0.4795063904803878,557,624,0.4657534246575342,0.4940962761126249,544,1.3406463864569862,1.828982871557985
0.4266707389991143,0.4337088837088837,0.47419983565816903,0.24454401807342985,0.4141176470588236,0.21684067566420503,0.21846011131725415,0.29545454545454547,0.1963203463203463,0.43078874593360983,0.5073738450604122,0.4085110163468372,14,[[  0.  94.  57.  17.  62.]
 [106. 179.  16.   0.   0.]
 [203.  44.  65.  16.   0.]
 [ 95.   1.  20.  35.  23.]
 [165.   0.   0.   2. 131.]],0.43335905372735734,0.3469208185168006,0.4498121309715513,682,343,0.5498687664041995,0.38056312443233425,419,1.3194082711512845,1.9195704300488745
0.4290470348192683,0.44578092847323614,0.471994671994672,0.34544152937010086,0.46785714285714275,0.33967953342953344,0.28762585728877865,0.2895398608881755,0.3432584269662921,0.4158403559606227,0.3767483798253029,0.4906227106227106,15,[[  0. 108.  73.  72. 147.]
 [100. 177.  24.   0.   0.]
 [164.  31.  86.  47.   0.]
 [ 56.   0.  23.  71.  24.]
 [ 90.   0.   0.  22. 186.]],0.41666289026780096,0.44572038411324133,0.49635036496350365,557,547,0.4986251145737855,0.4940962761126249,544,1.278896216613551,1.9574445581861906
0.34908756904232013,0.42861087630318395,0.32065656565656564,0.2928612943723823,0.3173567066008926,0.37869727172052764,0.27273276240667543,0.26623964803312633,0.3503623188405797,0.44960451459573497,0.44443259891021086,0.4768479033404407,16,[[  0.  77. 188.  92.  80.]
 [ 96. 120.  84.   1.   0.]
 [154.   2. 109.  63.   0.]
 [ 53.   0.  14.  80.  27.]
 [ 89.   0.   0.  20. 189.]],0.3876741293593972,0.4182966999931286,0.4628393413440143,581,626,0.4537521815008726,0.47229791099000906,520,1.2385723289723198,1.873382302267211
0.39607066596587,0.38443786605551317,0.47451033443680507,0.34486726906979454,0.3575485999643303,0.42278645199993514,0.20018315018315017,0.27136752136752135,0.1814102564102564,0.3876011809364988,0.39410256410256417,0.40619047619047616,17,[[  0. 155. 159.  21. 104.]
 [ 87. 181.  33.   0.   0.]
 [147.  33. 139.   9.   0.]
 [ 69.   0.  54.  34.  17.]
 [127.   0.   0.  14. 157.]],0.3781118744846424,0.4101376488095238,0.4785165083672546,572,581,0.4765765765765766,0.48047229791099,529,1.225687828535835,2.0197650098374913
0.3794120340019064,0.39974176150646745,0.43530525846702317,0.2785164330618876,0.4005681818181818,0.2683187393414666,0.287163772557031,0.2878812199036918,0.3569288389513109,0.42461224954831095,0.40072254637472027,0.4815217391304349,18,[[  0. 156.  84.  69. 148.]
 [110. 168.  20.   3.   0.]
 [162.  30.  71.  65.   0.]
 [ 48.   2.   8.  78.  38.]
 [122.   0.   0.  11. 165.]],0.3865033713806035,0.4074750481000481,0.46008119079837617,591,606,0.45698924731182794,0.46321525885558584,510,1.1782538347567122,2.036257636334215
0.32814773483310633,0.48043154761904766,0.2712487599206349,0.22197729519158094,0.3183956916099773,0.23071231017659585,0.24240361585722411,0.21877389506255485,0.36391752577319586,0.37517648903097817,0.3284519967212275,0.47038563288563295,19,[[  0.  47. 113. 173. 253.]
 [134.  90.  61.  16.   0.]
 [147.   4.  54. 121.   2.]
 [ 44.   0.   3.  85.  42.]
 [114.   0.   0.   3. 181.]],0.32393714503089505,0.36239142595169377,0.3703703703703704,666,813,0.3485576923076923,0.39509536784741145,435,1.1726845713953178,2.136333117527621
0.4058925126784687,0.4304046443752326,0.4362511671335201,0.3353035159285159,0.4391666666666666,0.3400559163059163,0.2715556182947487,0.2895056935817805,0.32336956521739124,0.5328607510070816,0.4974086099086099,0.6202922077922078,20,[[  0. 129.  67.  86. 146.]
 [104. 181.  12.   4.   0.]
 [163.  22.  88.  55.   0.]
 [ 51.   0.  15.  81.  27.]
 [ 81.   0.   0.  12. 205.]],0.4136852730602731,0.44730639730639726,0.5056028686687584,537,566,0.49911504424778763,0.5122615803814714,564,1.1341395179430644,2.0225971224052564
0.4130998269902013,0.45595292754383665,0.4293082338536884,0.2779266686674094,0.35946502057613167,0.290084709529154,0.22196382428940567,0.24069767441860465,0.2348837209302326,0.48012167076338197,0.5180796055796055,0.4715608465608465,21,[[  0. 106.  92.  79.  69.]
 [117. 154.  30.   0.   0.]
 [205.  23.  64.  36.   0.]
 [ 78.   0.  21.  53.  22.]
 [112.   0.   0.  16. 170.]],0.41334926647426645,0.38650734599395314,0.45579567779960706,637,471,0.49625668449197863,0.4214350590372389,464,1.0737823881208897,2.534795859030315
0.3910547330781444,0.44192862692862694,0.4023110223110223,0.3079646451739475,0.4238648947951273,0.2991379744286721,0.29404642976071543,0.2993328100470958,0.3432234432234432,0.467806328070159,0.4555017044147479,0.5099263860133425,22,[[  0. 100.  81.  79. 113.]
 [110. 157.  29.   5.   0.]
 [166.  17.  83.  62.   0.]
 [ 60.   0.  17.  70.  27.]
 [102.   0.   0.  14. 182.]],0.4191322235965093,0.41755635650724937,0.48011230697239127,588,523,0.4951737451737452,0.4659400544959128,513,1.0329868057742715,2.086537961448942
0.4083269575684229,0.43340381840381836,0.4278687978687979,0.36770861083361084,0.44258928571428574,0.39676271645021643,0.2651530836313445,0.28105590062111796,0.2967391304347826,0.4116624963903141,0.34855807453156257,0.5383914598703332,23,[[  0. 108.  81.  83. 203.]
 [106. 162.  32.   1.   0.]
 [171.  21.  98.  38.   0.]
 [ 47.   0.  30.  64.  33.]
 [ 64.   0.   0.  18. 216.]],0.3870828996419858,0.4595492284666392,0.49716033202271726,532,619,0.47895622895622897,0.516802906448683,569,1.0075760195031762,2.2306563423148225
0.38051390164175514,0.4103137263063733,0.41519342585519053,0.3270074114901701,0.38378489326765197,0.3573816987610091,0.2855057563795428,0.27822468793342575,0.35533980582524266,0.4327324695461237,0.37589914294459753,0.5434583934583933,24,[[  0. 135. 139. 129. 188.]
 [ 96. 165.  36.   4.   0.]
 [150.  29. 101.  48.   0.]
 [ 39.   0.  23.  85.  27.]
 [ 82.   0.   0.  23. 193.]],0.362895927237445,0.4305363101680066,0.47485572959604283,525,749,0.43471698113207546,0.5231607629427792,576,1.0098655031373103,2.082402407590832
0.3964963485834397,0.4430777342315804,0.40304972804972805,0.35145738304967516,0.3481344645137749,0.4642235159476539,0.2650971999286606,0.28766720171214555,0.3043071161048689,0.46898430523263024,0.4530513019318989,0.5323738450604122,25,[[  0. 110. 171.  88. 126.]
 [104. 140.  57.   0.   0.]
 [153.  14. 141.  20.   0.]
 [ 35.   0.  41.  64.  34.]
 [ 92.   0.   0.  19. 187.]],0.38305736921808353,0.4444684944684945,0.4885430177258971,536,647,0.4661716171617162,0.5131698455949137,565,0.9695741363490621,2.436405072254794
0.38061687556240553,0.38936706368213214,0.4188672438672439,0.35936086789027966,0.3985014005602241,0.4126861047449283,0.30618165784832446,0.33046296296296296,0.33944444444444444,0.4682543268160642,0.41317163228927933,0.5895541549953316,26,[[  0. 161. 115.  84. 175.]
 [ 92. 169.  39.   1.   0.]
 [166.  22. 109.  31.   0.]
 [ 36.   0.  27.  75.  36.]
 [ 72.   0.   0.  16. 210.]],0.3925868072073429,0.4685946142977393,0.5069590889919866,500,669,0.4732283464566929,0.5458673932788374,601,0.9459925905490915,2.191926154174975
0.419531219655514,0.46828102453102455,0.43326171377641964,0.35583388833388835,0.42827380952380956,0.3934140512265512,0.24609150669756732,0.2501763668430335,0.29377104377104374,0.42219444334295775,0.4193852167732765,0.4557983890073442,27,[[  0. 104.  99. 107. 106.]
 [108. 165.  27.   1.   0.]
 [166.  20.  88.  54.   0.]
 [ 60.   0.  20.  72.  22.]
 [109.   0.   0.  22. 167.]],0.38973383387445887,0.4047539865062187,0.48,579,552,0.4860335195530726,0.47411444141689374,522,0.9245128591234485,2.5960704998246262
0.4005023025072931,0.4739099209248463,0.39848646378497127,0.32654252469067285,0.3981530472271213,0.3398753852457556,0.28955266955266956,0.27134920634920634,0.3878947368421053,0.4231034250731217,0.39021237514388196,0.49175364209610783,28,[[  0.  97. 136. 109. 171.]
 [102. 145.  48.   6.   0.]
 [143.  11.  91.  83.   0.]
 [ 36.   0.   9.  82.  47.]
 [104.   0.   0.  14. 180.]],0.3798347733615591,0.42867817739469516,0.4643776824034335,560,688,0.4401952807160293,0.4913714804722979,541,0.8679055874235928,2.5885770757283484
0.38838995318171704,0.3937639605447824,0.42005129573622724,0.2900643106893107,0.3877380952380952,0.3113158369408369,0.30803318545254027,0.31738002141227944,0.36254480286738355,0.43432347307052727,0.4585050935797204,0.4317223406775645,29,[[  0. 143. 102.  92.  81.]
 [107. 167.  22.   5.   0.]
 [173.  35.  65.  55.   0.]
 [ 51.   0.  20.  75.  28.]
 [131.   0.   0.  22. 145.]],0.40386507507043223,0.4035294752370645,0.4522706209453197,613,569,0.4616840113528855,0.44323342415985467,488,0.8633477470527092,2.6890269885105744
0.40595322577878656,0.48000841750841755,0.4005925051379597,0.3626030310222186,0.37124558841426314,0.45463542481614766,0.2806404594283382,0.2807599807599807,0.3491582491582491,0.4346612947529832,0.411996336996337,0.5022039072039072,30,[[  0.  84. 160. 122. 144.]
 [100. 153.  47.   1.   0.]
 [150.  12. 134.  32.   0.]
 [ 42.   0.  38.  81.  13.]
 [ 78.   0.   0.  42. 178.]],0.3859921762265512,0.44961911848072555,0.49444918872758326,522,662,0.4665592264302981,0.5258855585831063,579,0.8202410548304518,2.4337850292878493
0.35988997684574137,0.38016424162257495,0.3916801948051949,0.33876537405949175,0.40603741496598633,0.35804172679172674,0.2778849097030915,0.2853775853775854,0.34932659932659926,0.386744852485505,0.3832578532578533,0.4277350427350427,31,[[  0. 127. 111. 129. 126.]
 [110. 160.  31.   0.   0.]
 [164.  20. 100.  44.   0.]
 [ 51.   0.  21.  83.  19.]
 [104.   0.   0.  44. 150.]],0.36684731026248885,0.39476367093554593,0.4624889673433363,577,641,0.4497854077253219,0.47593097184377836,524,0.8178435663382212,2.6015978971762315
0.3392226409557643,0.3683293489263639,0.35671911007731905,0.2946613571613571,0.3835884353741497,0.3052025355596784,0.32828528794437883,0.3485930735930736,0.36666666666666664,0.46946182134051545,0.43663419913419915,0.5297017797017798,32,[[  0. 115.  83.  86. 142.]
 [132. 138.  31.   0.   0.]
 [185.  24.  86.  33.   0.]
 [ 54.   0.  26.  71.  23.]
 [ 98.   0.   0.  20. 180.]],0.39223662002679865,0.41545471724043154,0.4641037517369152,600,557,0.4735349716446125,0.4550408719346049,501,0.8152276893767217,2.9664862975478172
0.401126263141743,0.42423546538931156,0.43329448329448333,0.32730593240169165,0.35427279438907344,0.38846186113627973,0.2568194550547492,0.30756302521008405,0.2698039215686275,0.5200993554089527,0.5092960214388786,0.5657029478458049,33,[[  0. 115. 137.  67. 106.]
 [ 93. 160.  48.   0.   0.]
 [156.  18. 123.  30.   1.]
 [ 56.   0.  30.  55.  33.]
 [ 92.   0.   0.  13. 193.]],0.4006458818958819,0.4323094089277125,0.4986547085201794,545,573,0.4924712134632418,0.5049954586739328,556,0.7655931568394104,2.5191064407782897
0.290805112473311,0.3907351762820513,0.26850762085137087,0.3234857049671864,0.3944444444444445,0.374545721767944,0.2871389093087206,0.27189652590595986,0.3720125786163522,0.41775525128466295,0.4255760905760906,0.43032356532356525,34,[[  0.  64. 107. 140. 109.]
 [131. 106.  60.   4.   0.]
 [171.   9.  89.  59.   0.]
 [ 52.   0.  13.  91.  18.]
 [122.   0.   0.  28. 148.]],0.37224798597566455,0.3923112932041503,0.43243243243243246,637,581,0.44401913875598087,0.4214350590372389,464,0.7502473688994845,3.1556097928966795
0.35771663612452187,0.38248699657150365,0.3825264719630917,0.375104369930078,0.4507642563198118,0.402539949762172,0.2594454529938401,0.26702508960573473,0.2906810035842293,0.4382321146807538,0.46108149727552716,0.4462094290452499,35,[[  0. 126.  93.  93. 100.]
 [106. 158.  37.   0.   0.]
 [170.  25. 112.  21.   0.]
 [ 54.   0.  34.  63.  23.]
 [126.   0.   0.  16. 156.]],0.3960285477584584,0.40103635204081634,0.48378127896200185,579,535,0.4938505203405866,0.47411444141689374,522,0.7035857831748823,2.87958937138319
0.428094193388311,0.4589149739149739,0.4451187701187701,0.35492586700569895,0.4023148148148148,0.4173533807462378,0.2856437389770723,0.303015873015873,0.32462962962962966,0.41185419887572994,0.41293290043290043,0.4363395863395863,36,[[  0.  89. 125.  97. 113.]
 [ 97. 155.  47.   2.   0.]
 [169.  16. 118.  25.   0.]
 [ 56.   0.  39.  59.  20.]
 [114.   0.   2.  22. 160.]],0.40686120881433385,0.4328179488335738,0.480365296803653,575,563,0.4830119375573921,0.47774750227066304,526,0.7107716789469123,2.8464277977389947
0.3506984160267362,0.40245882064063876,0.3589914294459749,0.3405381880991637,0.44126016260162604,0.37393182698060745,0.3429361379361379,0.34547178130511463,0.40962962962962957,0.4182370269787965,0.39631678962664874,0.48526715850659524,37,[[  0. 103.  79. 102. 162.]
 [117. 140.  43.   1.   0.]
 [164.  17.  96.  51.   0.]
 [ 53.   0.  13.  79.  29.]
 [118.   0.   0.  13. 167.]],0.40272937834321765,0.4341757015306123,0.4653916211293261,590,584,0.4666666666666667,0.4641235240690282,511,0.6653949503476421,3.159751277949129
0.3710765894524968,0.43376149491534105,0.35787767787767794,0.32126937306277337,0.3541715060007743,0.3924955126174638,0.24064066160840353,0.2691244239631336,0.26666666666666666,0.49622803174182706,0.44898965413671305,0.585906862745098,38,[[  0.  87. 145.  86. 153.]
 [108. 133.  55.   5.   0.]
 [185.  10. 100.  33.   0.]
 [ 56.   0.  29.  56.  33.]
 [ 87.   0.   0.  11. 200.]],0.37133678160463873,0.42106478797327007,0.4693786320965579,576,611,0.4621478873239437,0.4768392370572207,525,0.6576145042975744,3.0599384462194785
0.35036615929400955,0.36894261133391565,0.3740317251186816,0.3205468383887945,0.379718875502008,0.3716267668074897,0.2568330823765606,0.2822463768115942,0.284963768115942,0.46270775260545083,0.41799830604178434,0.5503795721187025,39,[[  0. 115. 120.  88. 126.]
 [112. 157.  28.   4.   0.]
 [177.  26.  98.  27.   0.]
 [ 47.   0.  38.  60.  29.]
 [ 78.   0.   0.  16. 204.]],0.37579992139143925,0.42423007713186284,0.489047831917747,554,589,0.48151408450704225,0.49682107175295187,547,0.6327083203941584,3.1598344796470235
0.3396047154506402,0.4076264880952381,0.32217487373737375,0.305087917437315,0.39070567986230637,0.34541586258453727,0.28760972823472825,0.3024801587301587,0.3345486111111111,0.48995965719661483,0.5067519545131485,0.4992181947405828,40,[[  0.  78. 104.  98.  90.]
 [117. 124.  56.   4.   0.]
 [186.  13.  91.  38.   0.]
 [ 64.   0.  12.  71.  27.]
 [120.   0.   0.  11. 167.]],0.4039936460695389,0.39089473068267705,0.46043165467625896,621,504,0.4878048780487805,0.4359673024523161,480,0.6440290686053535,3.32441954474364
0.38913604981619687,0.45057069666444666,0.3823852362914863,0.3605800703361679,0.43403019744483157,0.38897687678175485,0.2477455129140522,0.26983235241662207,0.27996254681647936,0.4810305199577876,0.49355925997717043,0.49499526178630654,41,[[  0.  78.  78.  67.  96.]
 [113. 145.  43.   0.   0.]
 [178.  12. 102.  36.   0.]
 [ 63.   0.  24.  60.  27.]
 [117.   0.   0.  13. 168.]],0.4183325809441881,0.40385594894523463,0.4790243902439025,610,458,0.5173867228661749,0.44595821980018163,491,0.5943689142974714,3.3482141388314113
0.36731082016644045,0.4217529568275837,0.3725980487174517,0.3103452103452104,0.3940917107583774,0.31078020059501543,0.3048131080389145,0.3271889400921659,0.34982078853046594,0.4553144771734486,0.4492553466434064,0.48152688936271026,42,[[  0.  99.  99.  77. 105.]
 [115. 150.  30.   6.   0.]
 [173.  19.  84.  52.   0.]
 [ 53.   0.  19.  70.  32.]
 [118.   0.   0.  12. 168.]],0.4113498893632822,0.4065797483766233,0.46820536975977384,604,525,0.4863013698630137,0.4514078110808356,497,0.5935116303153336,3.4549859134214267
0.3839415798773475,0.4620837495837496,0.3665721063448336,0.33251292603144456,0.4076719576719577,0.3759477490958972,0.3339589169000934,0.3586274509803921,0.367843137254902,0.4329841551108519,0.49153235653235655,0.41601343101343097,43,[[  0.  76.  68.  65.  74.]
 [117. 136.  48.   0.   0.]
 [181.  18. 106.  23.   0.]
 [ 63.   0.  35.  61.  15.]
 [137.   0.   0.  22. 139.]],0.44577889248648184,0.41541397177557887,0.4730749874182184,631,416,0.5304740406320542,0.4268846503178928,470,0.5623467668580512,3.7495705852551118
0.35082841080574173,0.43149813149813154,0.32586088154269977,0.2959678230266466,0.34373482726423904,0.3632221373397844,0.277728654324399,0.2816236068895644,0.3296099290780142,0.46914054346357154,0.4523834928764506,0.5225352112676057,44,[[  0.  80. 130. 108. 128.]
 [112. 117.  69.   3.   0.]
 [177.   9.  97.  45.   0.]
 [ 45.   0.  21.  73.  35.]
 [109.   0.   0.  14. 175.]],0.37746031869915797,0.40692791005291007,0.4444444444444444,611,614,0.4438405797101449,0.44504995458673935,490,0.5429955824899176,3.9098052425043925
0.40784863073192595,0.4459415383328427,0.4208508480247611,0.3138553429692669,0.40455093429776967,0.3403469596507571,0.24226436442345536,0.27140151515151517,0.25662878787878785,0.46309971431547997,0.4859096459096458,0.46634920634920635,45,[[  0. 112.  76.  69.  84.]
 [107. 163.  28.   3.   0.]
 [189.  22.  88.  29.   0.]
 [ 65.   0.  30.  49.  30.]
 [127.   0.   0.  12. 159.]],0.413502552341838,0.3960938573661788,0.472992700729927,615,468,0.5094339622641509,0.44141689373297005,486,0.5404657592686514,4.038203187286854
0.37136456063305234,0.44497204184704187,0.3545657467532467,0.3423245413919732,0.3649390243902439,0.4554895646359061,0.24458081600938744,0.25151753008895866,0.2926739926739927,0.43334947411783886,0.4087875508330054,0.4838564213564214,46,[[  0.  85. 142.  92. 127.]
 [105. 128.  63.   5.   0.]
 [157.  10. 116.  45.   0.]
 [ 52.   0.  30.  62.  30.]
 [108.   0.   0.  17. 173.]],0.366017584432763,0.4219075319521748,0.4573225516621743,592,616,0.4524444444444444,0.4623069936421435,509,0.5116532390626768,3.8130241206714084
0.34428618564419566,0.3599688868345585,0.37589810686825614,0.30284875766803476,0.39480780263912796,0.31985126653801355,0.25828823953823954,0.2803030303030303,0.27386363636363636,0.4760142206839073,0.46446078431372556,0.5118405695611578,47,[[  0. 120.  76.  51. 105.]
 [117. 158.  26.   0.   0.]
 [196.  21.  86.  24.   1.]
 [ 61.   0.  27.  54.  32.]
 [115.   0.   0.  10. 173.]],0.3880502888315388,0.4015596279547172,0.4745762711864407,611,474,0.508298755186722,0.44504995458673935,490,0.5179230716700355,4.2938414982387
0.33825677870823195,0.41313186813186814,0.32312631812631815,0.29542405426551765,0.3559523809523809,0.35082444655615386,0.29685410960921166,0.2985422740524781,0.35017006802721085,0.46327409547223786,0.49797378547378546,0.45309644059644055,48,[[  0.  78. 116. 100.  66.]
 [119. 125.  53.   4.   0.]
 [186.  11.  88.  43.   0.]
 [ 50.   0.  19.  85.  20.]
 [109.   0.   0.  26. 163.]],0.4109767691798942,0.40691969654023225,0.45757864632983786,621,517,0.48144433299899697,0.4359673024523161,480,0.49134390040611226,4.181519538164139
0.34413806077193837,0.42848484848484847,0.32671162171162177,0.3334114156208847,0.4105594270228416,0.3953797557456094,0.2373985632050148,0.24495647721454175,0.2844086021505376,0.4354901634313399,0.47972636815920394,0.4236140724946694,49,[[  0.  65. 104.  75.  78.]
 [125. 130.  43.   3.   0.]
 [173.  10. 101.  44.   0.]
 [ 57.   0.  21.  70.  26.]
 [135.   0.   0.  15. 148.]],0.40018107306053735,0.3798034823146431,0.4532940019665684,640,472,0.4941050375133976,0.4187102633969119,461,0.49019117358451086,4.162084049412182
0.40835030051928134,0.44280826967394127,0.43219400831341126,0.3211399368806776,0.4133450911228689,0.33516158053195094,0.26937602627257795,0.2950191570881226,0.29386973180076625,0.4390097005664678,0.4449888005858155,0.4635572139303482,50,[[  0. 125.  87.  71. 120.]
 [107. 160.  34.   0.   0.]
 [184.  25.  92.  27.   0.]
 [ 57.   0.  24.  61.  32.]
 [125.   0.   0.   9. 164.]],0.3968969274772846,0.40297989460935885,0.4643527204502814,606,536,0.4801163918525703,0.44959128065395093,495,0.4773458984370033,3.9910415581294467
0.40428897948951426,0.4721779483143119,0.39686529800166165,0.3541264625601975,0.4369764773379231,0.38922529946626333,0.23652934367220085,0.2505494505494505,0.26355311355311356,0.4311552030296339,0.4745739962651727,0.42225723622782446,51,[[  0.  76.  76.  64.  83.]
 [110. 153.  35.   3.   0.]
 [169.  14. 108.  36.   1.]
 [ 64.   0.  23.  63.  24.]
 [144.   0.   0.  14. 140.]],0.4192237532639318,0.3842022746598639,0.47269116186693144,625,437,0.5213581599123768,0.4323342415985468,476,0.47276797859619063,4.454680640250444
0.3811913383529814,0.45174159174159173,0.3826456876456877,0.3313732676537555,0.3935830429732869,0.3845255692816668,0.27675385956635956,0.28351934523809524,0.33958333333333335,0.4269029471610968,0.43267284186401833,0.4546393557422968,52,[[  0.  98. 113. 101. 106.]
 [108. 138.  51.   4.   0.]
 [157.  14.  98.  59.   0.]
 [ 44.   0.  20.  80.  30.]
 [116.   0.   0.  19. 163.]],0.39528254483611625,0.41450307711468426,0.46560364464692483,590,583,0.4670932358318099,0.4641235240690282,511,0.4465345071318249,4.247878277408225
0.3654405430725239,0.43659947018155976,0.35773136482091705,0.33030287484069,0.3595143613000756,0.401309867381296,0.2869710934227063,0.28754480286738354,0.34838709677419355,0.4391961054394209,0.4469276094276094,0.45528499278499274,53,[[  0.  92. 132. 103. 100.]
 [113. 136.  51.   1.   0.]
 [159.  16. 114.  39.   0.]
 [ 54.   0.  27.  74.  19.]
 [121.   0.   0.  26. 151.]],0.39502977800968875,0.4242750098776885,0.46287809349220893,596,576,0.4671600370027752,0.4586739327883742,505,0.44027991173788905,4.1387540815132
0.34876803837860815,0.3821897333435795,0.3702231102231102,0.31710351228423517,0.3981067125645439,0.3486817399468002,0.27179164921100407,0.30325140809011775,0.30501792114695336,0.4668506241830772,0.46226073762838477,0.49901377217553694,54,[[  0. 104.  87.  91. 103.]
 [115. 148.  36.   2.   0.]
 [187.  17.  90.  34.   0.]
 [ 52.   0.  25.  69.  28.]
 [106.   0.   0.  14. 178.]],0.39848524697855053,0.41211573644609356,0.4682651622002821,603,528,0.4853801169590643,0.45231607629427795,498,0.4276790707372129,4.518784317587103
0.3368402674520073,0.3942579642579643,0.33007659007659007,0.34174113830976577,0.38677248677248677,0.4204456380382306,0.2720073577216434,0.2937728937728938,0.30641025641025643,0.4695938087600757,0.44931813100827184,0.5269505924435501,55,[[  0.  85.  96.  94. 129.]
 [123. 129.  47.   2.   0.]
 [175.  11. 108.  34.   0.]
 [ 51.   0.  31.  59.  33.]
 [106.   0.   0.  11. 181.]],0.38415280569298427,0.42391527949563657,0.46490004649000466,601,550,0.47619047619047616,0.45413260672116257,500,0.419538139210393,4.289248027971813
0.38770214160426114,0.4473199023199023,0.3812054612054612,0.308473654859197,0.38703384968445204,0.3412754915766964,0.2617146164021164,0.29444444444444445,0.2765625,0.5090763051827798,0.532712215320911,0.5186507936507936,56,[[  0.  90.  90.  73.  77.]
 [111. 143.  42.   5.   0.]
 [185.  13.  93.  37.   0.]
 [ 71.   0.  16.  61.  26.]
 [109.   0.   0.  10. 179.]],0.4252415202191987,0.40448543685150834,0.47665369649805445,611,465,0.5130890052356021,0.44504995458673935,490,0.4122975701466203,4.819484403090818
